{"cameraMode":{"drawMode":0,"name":"Shaded","section":"Shading Mode"},"sceneLighting":false,"audioPlay":false,"sceneViewState":{"showFog":true,"showMaterialUpdate":false,"showSkybox":false,"showFlares":true,"showImageEffects":true,"showParticleSystems":true},"in2DMode":false,"pivot":{"x":-0.16396641731262208,"y":0.18723097443580628,"z":21.549121856689454},"rotation":{"x":0.013418777845799923,"y":-0.10927171260118485,"z":0.0014746312517672778,"w":0.9939236640930176},"size":4.381226539611816,"orthographic":true}