{"cameraMode":{"drawMode":0,"name":"Shaded","section":"Shading Mode"},"sceneLighting":false,"audioPlay":false,"sceneViewState":{"showFog":true,"showMaterialUpdate":false,"showSkybox":false,"showFlares":true,"showImageEffects":true,"showParticleSystems":true},"in2DMode":false,"pivot":{"x":-0.02402043715119362,"y":0.7355414032936096,"z":1.728149652481079},"rotation":{"x":-0.10688957571983338,"y":0.6568776965141296,"z":-0.09485747665166855,"w":-0.7403615117073059},"size":6.220347881317139,"orthographic":false}