{"cameraMode":{"drawMode":0,"name":"Shaded","section":"Shading Mode"},"sceneLighting":false,"audioPlay":false,"sceneViewState":{"showFog":true,"showMaterialUpdate":false,"showSkybox":false,"showFlares":true,"showImageEffects":true,"showParticleSystems":true},"in2DMode":false,"pivot":{"x":0.5001106262207031,"y":6.939546585083008,"z":-0.26439571380615237},"rotation":{"x":-0.47837430238723757,"y":0.22924081981182099,"z":-0.12982632219791413,"w":-0.8381710052490234},"size":53.8707389831543,"orthographic":false}