{"cameraMode":{"drawMode":0,"name":"Shaded","section":"Shading Mode"},"sceneLighting":false,"audioPlay":false,"sceneViewState":{"showFog":true,"showMaterialUpdate":false,"showSkybox":false,"showFlares":true,"showImageEffects":true,"showParticleSystems":true},"in2DMode":false,"pivot":{"x":-0.14346462488174439,"y":0.8139511942863464,"z":2.969970703125},"rotation":{"x":-0.38205158710479739,"y":0.603976845741272,"z":-0.4042319655418396,"w":-0.5708432793617249},"size":0.9478530287742615,"orthographic":false}