{"cameraMode":{"drawMode":0,"name":"Shaded","section":"Shading Mode"},"sceneLighting":false,"audioPlay":false,"sceneViewState":{"showFog":true,"showMaterialUpdate":false,"showSkybox":false,"showFlares":true,"showImageEffects":true,"showParticleSystems":true},"in2DMode":false,"pivot":{"x":0.21965916454792024,"y":-0.7795385122299194,"z":-2.5599443912506105},"rotation":{"x":-0.10688957571983338,"y":0.6568776965141296,"z":-0.09485747665166855,"w":-0.7403615117073059},"size":22.0,"orthographic":false}