{"cameraMode":{"drawMode":0,"name":"Shaded","section":"Shading Mode"},"sceneLighting":false,"audioPlay":false,"sceneViewState":{"showFog":true,"showMaterialUpdate":false,"showSkybox":false,"showFlares":true,"showImageEffects":true,"showParticleSystems":true},"in2DMode":false,"pivot":{"x":0.06700000166893006,"y":0.45899999141693118,"z":-3.953000068664551},"rotation":{"x":-0.02760952152311802,"y":-0.8455856442451477,"z":0.043917588889598849,"w":-0.5313391089439392},"size":3.985891580581665,"orthographic":false}