{"cameraMode":{"drawMode":0,"name":"Shaded","section":"Shading Mode"},"sceneLighting":false,"audioPlay":false,"sceneViewState":{"showFog":true,"showMaterialUpdate":false,"showSkybox":false,"showFlares":true,"showImageEffects":true,"showParticleSystems":true},"in2DMode":false,"pivot":{"x":-0.43976736068725588,"y":5.987690448760986,"z":0.3735923767089844},"rotation":{"x":-0.47837430238723757,"y":0.22924081981182099,"z":-0.12982632219791413,"w":-0.8381710052490234},"size":38.57149887084961,"orthographic":false}